{
  "type": 1,
  "version": 1,
  "platform": "android",
  "isReady": false,
  "head": {
    "imgCount": 16,
    "willShow": true,
    "scale": 5,
    "offset": 3.2,
    "hOffset": 0.5,
    "wOffset": 0.5,
    "index": 0
  },
  "eye": {
    "willShow": true,
    "imgCount": 14,
    "scale": 5.5,
    "hOffset": 0.5,
    "wOffset": 0.5,
    "index": 0
  },
  "nose": {
    "willShow": true,
    "imgCount": 1,
    "scale": 1.5,
    "hOffset": 0.5,
    "wOffset": 0.5,
    "index": 0
  }
}