{
  "type": 1,
  "version": 1,
  "platform": "android",
  "isReady": false,
  "head": {
    "imgCount": 20,
    "willShow": true,
    "scale": 5.5,
    "offset": 1.9,
    "hOffset": 0.5,
    "wOffset": 0.5,
    "index": 0
  },

  "nose": {
    "willShow": true,
    "imgCount": 25,
    "scale": 4.5,
    "hOffset": 0.5,
    "wOffset": 0.5,
    "index": 0
  },

  "chin": {
    "willShow": true,
    "imgCount": 12,
    "scale": 3.0,
    "hOffset": 0.1,
    "wOffset": 0.5,
    "index": 0
  }
}